NAME,SEASON,TEAM,G,GS,Comp,Att,Pct,Yds,Avg,TD,Int,Sck,SckY,Rate,Att,RuYds,RuAvg,RuTD,FUM,Lost
T.J. Yates,2013,Houston Texans,3,0,15,22,68.2,113,5.1,0,2,2,7,42.4,1,0,0.0,0,1,0
T.J. Yates,2012,Houston Texans,4,0,4,10,40.0,38,3.8,0,1,1,0,11.7,2,-1,-0.5,1,2,1
T.J. Yates,2011,Houston Texans,6,5,82,134,61.2,949,7.1,3,3,15,74,80.7,14,57,4.1,0,5,3
Brandon Weeden,2013,Cleveland Browns,8,5,141,267,52.8,"1,731",6.5,9,9,27,180,70.3,12,44,3.7,0,6,2
Brandon Weeden,2012,Cleveland Browns,15,15,297,517,57.4,"3,385",6.5,14,17,28,186,72.6,27,111,4.1,0,6,1
Seneca Wallace,2013,Green Bay Packers,2,1,16,24,66.7,139,5.8,0,1,4,25,64.4,nan,nan,nan,nan,nan,nan
Seneca Wallace,2011,Cleveland Browns,6,3,55,107,51.4,567,5.3,2,2,6,30,65.4,7,70,10.0,0,1,1
Seneca Wallace,2010,Cleveland Browns,8,4,64,101,63.4,694,6.9,4,2,6,33,88.5,7,9,1.3,0,1,0
Seneca Wallace,2009,Seattle Seahawks,13,2,78,120,65.0,700,5.8,3,2,9,59,81.9,16,2,0.1,1,5,2
Seneca Wallace,2008,Seattle Seahawks,10,8,141,242,58.3,"1,532",6.3,11,3,14,76,87.0,16,78,4.9,0,4,3
Seneca Wallace,2007,Seattle Seahawks,10,0,19,28,67.9,215,7.7,2,1,3,13,99.6,4,17,4.3,0,1,1
Seneca Wallace,2006,Seattle Seahawks,8,4,82,141,58.2,927,6.6,8,7,14,83,76.2,12,122,10.2,0,5,3
Seneca Wallace,2005,Seattle Seahawks,7,0,13,25,52.0,173,6.9,1,1,3,20,70.9,6,-5,-0.8,0,2,0
Seneca Wallace,2004,Seattle Seahawks,0,0,nan,nan,nan,nan,nan,nan,nan,nan,nan,0.0,nan,nan,nan,nan,nan,nan
Seneca Wallace,2003,Seattle Seahawks,0,0,nan,nan,nan,nan,nan,nan,nan,nan,nan,0.0,nan,nan,nan,nan,nan,nan
Russell Wilson,2013,Seattle Seahawks,13,13,213,330,64.5,"2,871",8.7,23,7,32,210,106.5,81,458,5.7,1,9,5
Russell Wilson,2012,Seattle Seahawks,16,16,252,393,64.1,"3,118",7.9,26,10,33,203,100.0,94,489,5.2,4,6,3
Tyler Wilson,2013,Oakland Raiders,0,0,nan,nan,nan,nan,nan,nan,nan,nan,nan,0.0,nan,nan,nan,nan,nan,nan
Charlie Whitehurst,2013,San Diego Chargers,2,0,nan,nan,nan,nan,nan,nan,nan,nan,nan,0.0,6,-5,-0.8,0,nan,nan
Charlie Whitehurst,2012,San Diego Chargers,0,0,nan,nan,nan,nan,nan,nan,nan,nan,nan,0.0,nan,nan,nan,nan,nan,nan
Charlie Whitehurst,2011,Seattle Seahawks,3,2,27,56,48.2,298,5.3,1,1,8,46,62.9,4,13,3.3,0,2,1
Charlie Whitehurst,2010,Seattle Seahawks,6,2,57,99,57.6,507,5.1,2,3,5,13,65.5,20,43,2.2,1,2,0
Charlie Whitehurst,2009,San Diego Chargers,0,0,nan,nan,nan,nan,nan,nan,nan,nan,nan,0.0,nan,nan,nan,nan,nan,nan
Charlie Whitehurst,2008,San Diego Chargers,0,0,nan,nan,nan,nan,nan,nan,nan,nan,nan,0.0,nan,nan,nan,nan,nan,nan
Charlie Whitehurst,2007,San Diego Chargers,0,0,nan,nan,nan,nan,nan,nan,nan,nan,nan,0.0,nan,nan,nan,nan,nan,nan
Charlie Whitehurst,2006,San Diego Chargers,2,0,nan,nan,nan,nan,nan,nan,nan,nan,nan,0.0,2,13,6.5,1,nan,nan
Pat White,2013,Washington Redskins,0,0,nan,nan,nan,nan,nan,nan,nan,nan,nan,0.0,nan,nan,nan,nan,nan,nan
Pat White,2009,Miami Dolphins,13,0,0,5,0.0,0,0.0,0,0,1,9,39.6,21,81,3.9,0,1,0
Michael Vick,2013,Philadelphia Eagles,6,6,77,141,54.6,"1,215",8.6,5,3,15,99,86.5,34,308,9.1,2,4,2
Michael Vick,2012,Philadelphia Eagles,10,10,204,351,58.1,"2,362",6.7,12,10,28,153,78.1,62,332,5.4,1,11,5
Michael Vick,2011,Philadelphia Eagles,13,13,253,423,59.8,"3,303",7.8,18,14,23,126,84.9,76,589,7.8,1,10,4
Michael Vick,2010,Philadelphia Eagles,12,12,233,372,62.6,"3,018",8.1,21,6,34,210,100.2,100,676,6.8,9,11,3
Michael Vick,2009,Philadelphia Eagles,12,1,6,13,46.2,86,6.6,1,0,0,0,93.8,24,95,4.0,2,nan,nan
Michael Vick,2006,Atlanta Falcons,16,16,204,388,52.6,"2,474",6.4,20,13,45,303,75.7,123,"1,039",8.4,2,9,3
Michael Vick,2005,Atlanta Falcons,15,15,214,387,55.3,"2,412",6.2,15,13,33,201,73.1,102,597,5.9,6,11,5
Michael Vick,2004,Atlanta Falcons,15,15,181,321,56.4,"2,313",7.2,14,12,46,266,78.1,120,902,7.5,3,16,7
Michael Vick,2003,Atlanta Falcons,5,4,50,100,50.0,585,5.9,4,3,9,64,69.0,40,255,6.4,1,4,1
Michael Vick,2002,Atlanta Falcons,15,15,231,421,54.9,"2,936",7.0,16,8,33,206,81.6,113,777,6.9,8,9,6
Michael Vick,2001,Atlanta Falcons,8,2,50,113,44.2,785,6.9,2,3,21,113,62.7,31,289,9.3,1,6,5
Tyrod Taylor,2013,Baltimore Ravens,2,0,0,1,0.0,0,0.0,0,0,0,0,39.6,5,25,5.0,0,nan,nan
Tyrod Taylor,2012,Baltimore Ravens,7,0,17,29,58.6,179,6.2,0,1,3,30,62.3,14,73,5.2,1,nan,nan
Tyrod Taylor,2011,Baltimore Ravens,3,0,1,1,100.0,18,18.0,0,0,2,3,118.8,1,2,2.0,0,nan,nan
Alex Tanney,2013,Cleveland Browns,0,0,nan,nan,nan,nan,nan,nan,nan,nan,nan,0.0,nan,nan,nan,nan,nan,nan
Ryan Tannehill,2013,Miami Dolphins,13,13,300,484,62.0,"3,315",6.8,20,14,47,330,84.0,37,220,5.9,1,9,5
Ryan Tannehill,2012,Miami Dolphins,16,16,282,484,58.3,"3,294",6.8,12,13,35,234,76.1,49,211,4.3,2,9,4
Jeff Tuel,2013,Buffalo Bills,2,1,26,59,44.1,309,5.2,1,3,2,11,45.1,3,17,5.7,0,nan,nan
Scott Tolzien,2013,Green Bay Packers,3,2,55,90,61.1,717,8.0,1,5,3,26,66.8,5,55,11.0,1,nan,nan
Scott Tolzien,2012,San Francisco 49ers,0,0,nan,nan,nan,nan,nan,nan,nan,nan,nan,0.0,nan,nan,nan,nan,nan,nan
Scott Tolzien,2011,San Francisco 49ers,0,0,nan,nan,nan,nan,nan,nan,nan,nan,nan,0.0,nan,nan,nan,nan,nan,nan
Matt Schaub,2013,Houston Texans,8,6,179,287,62.4,"1,905",6.6,9,10,17,133,77.6,2,12,6.0,0,nan,nan
Matt Schaub,2012,Houston Texans,16,16,350,544,64.3,"4,008",7.4,22,12,27,216,90.7,21,-9,-0.4,0,4,0
Matt Schaub,2011,Houston Texans,10,10,178,292,61.0,"2,479",8.5,15,6,16,98,96.8,15,9,0.6,2,3,1
Matt Schaub,2010,Houston Texans,16,16,365,574,63.6,"4,370",7.6,24,12,32,226,92.0,22,28,1.3,0,9,3
Matt Schaub,2009,Houston Texans,16,16,396,583,67.9,"4,770",8.2,29,15,25,149,98.6,48,57,1.2,0,3,2
Matt Schaub,2008,Houston Texans,11,11,251,380,66.1,"3,043",8.0,15,10,23,149,92.7,31,68,2.2,2,10,4
Matt Schaub,2007,Houston Texans,11,11,192,289,66.4,"2,241",7.8,9,9,16,126,87.2,17,52,3.1,0,7,3
Matt Schaub,2006,Atlanta Falcons,16,0,18,27,66.7,208,7.7,1,2,2,8,71.2,7,21,3.0,0,1,0
Matt Schaub,2005,Atlanta Falcons,16,1,33,64,51.6,495,7.7,4,0,6,27,98.1,9,76,8.4,0,1,1
Matt Schaub,2004,Atlanta Falcons,6,1,33,70,47.1,330,4.7,1,4,4,14,42.0,8,26,3.3,0,1,0
Mark Sanchez,2013,New York Jets,0,0,nan,nan,nan,nan,nan,nan,nan,nan,nan,0.0,nan,nan,nan,nan,nan,nan
Mark Sanchez,2012,New York Jets,15,15,246,453,54.3,"2,883",6.4,13,18,34,209,66.9,22,28,1.3,0,14,8
Mark Sanchez,2011,New York Jets,16,16,308,543,56.7,"3,474",6.4,26,18,39,243,78.2,37,103,2.8,6,10,8
Mark Sanchez,2010,New York Jets,16,16,278,507,54.8,"3,291",6.5,17,13,27,171,75.3,30,105,3.5,3,9,1
Mark Sanchez,2009,New York Jets,15,15,196,364,53.8,"2,444",6.7,12,20,26,195,63.0,36,106,2.9,3,10,3
Ricky Stanzi,2013,Jacksonville Jaguars,0,0,nan,nan,nan,nan,nan,nan,nan,nan,nan,0.0,nan,nan,nan,nan,nan,nan
Ricky Stanzi,2012,Kansas City Chiefs,0,0,nan,nan,nan,nan,nan,nan,nan,nan,nan,0.0,nan,nan,nan,nan,nan,nan
Ricky Stanzi,2011,Kansas City Chiefs,0,0,nan,nan,nan,nan,nan,nan,nan,nan,nan,0.0,nan,nan,nan,nan,nan,nan
Drew Stanton,2013,Arizona Cardinals,0,0,nan,nan,nan,nan,nan,nan,nan,nan,nan,0.0,nan,nan,nan,nan,nan,nan
Drew Stanton,2012,Indianapolis Colts,0,0,nan,nan,nan,nan,nan,nan,nan,nan,nan,0.0,nan,nan,nan,nan,nan,nan
Drew Stanton,2011,Detroit Lions,0,0,nan,nan,nan,nan,nan,nan,nan,nan,nan,0.0,nan,nan,nan,nan,nan,nan
Drew Stanton,2010,Detroit Lions,6,3,69,119,58.0,780,6.6,4,3,6,42,78.4,18,113,6.3,1,3,1
Drew Stanton,2009,Detroit Lions,3,1,26,51,51.0,259,5.1,0,6,5,27,26.1,9,33,3.7,1,1,1
Drew Stanton,2008,Detroit Lions,3,0,9,17,52.9,119,7.0,1,0,6,35,95.0,3,20,6.7,0,nan,nan
Matthew Stafford,2013,Detroit Lions,13,13,306,525,58.3,"3,976",7.6,27,14,15,113,88.2,34,61,1.8,2,12,4
Matthew Stafford,2012,Detroit Lions,16,16,435,727,59.8,"4,967",6.8,20,17,29,212,79.8,35,126,3.6,4,6,4
Matthew Stafford,2011,Detroit Lions,16,16,421,663,63.5,"5,038",7.6,41,16,36,257,97.2,22,78,3.5,0,5,1
Matthew Stafford,2010,Detroit Lions,3,3,57,96,59.4,535,5.6,6,1,4,36,91.3,4,11,2.8,1,2,1
Matthew Stafford,2009,Detroit Lions,10,10,201,377,53.3,"2,267",6.0,13,20,24,169,61.0,20,108,5.4,2,4,1
Brad Sorensen,2013,San Diego Chargers,0,0,nan,nan,nan,nan,nan,nan,nan,nan,nan,0.0,nan,nan,nan,nan,nan,nan
Rusty Smith,2013,Tennessee Titans,0,0,nan,nan,nan,nan,nan,nan,nan,nan,nan,0.0,nan,nan,nan,nan,nan,nan
Rusty Smith,2012,Tennessee Titans,1,0,3,5,60.0,34,6.8,0,0,0,0,80.4,nan,nan,nan,nan,nan,nan
Rusty Smith,2011,Tennessee Titans,0,0,nan,nan,nan,nan,nan,nan,nan,nan,nan,0.0,nan,nan,nan,nan,nan,nan
Rusty Smith,2010,Tennessee Titans,2,1,20,40,50.0,200,5.0,0,4,1,0,25.0,nan,nan,nan,nan,nan,nan
Geno Smith,2013,New York Jets,13,13,195,352,55.4,"2,475",7.0,9,20,39,288,62.4,46,230,5.0,4,8,4
Alex Smith,2013,Kansas City Chiefs,13,13,275,460,59.8,"2,873",6.2,18,6,32,177,85.5,66,367,5.6,1,3,0
Alex Smith,2012,San Francisco 49ers,10,9,153,218,70.2,"1,737",8.0,13,5,24,137,104.1,31,132,4.3,0,4,1
Alex Smith,2011,San Francisco 49ers,16,16,273,445,61.3,"3,144",7.1,17,5,44,263,90.7,52,179,3.4,2,7,2
Alex Smith,2010,San Francisco 49ers,11,10,204,342,59.6,"2,370",6.9,14,10,25,140,82.1,18,60,3.3,0,4,2
Alex Smith,2009,San Francisco 49ers,11,10,225,372,60.5,"2,350",6.3,18,12,22,134,81.5,24,51,2.1,0,3,1
Alex Smith,2008,San Francisco 49ers,0,0,nan,nan,nan,nan,nan,nan,nan,nan,nan,0.0,nan,nan,nan,nan,nan,nan
Alex Smith,2007,San Francisco 49ers,7,7,94,193,48.7,914,4.7,2,4,17,121,57.2,13,89,6.8,0,6,5
Alex Smith,2006,San Francisco 49ers,16,16,257,442,58.1,"2,890",6.5,16,16,35,202,74.8,44,147,3.3,2,10,5
Alex Smith,2005,San Francisco 49ers,9,7,84,165,50.9,875,5.3,1,11,29,185,40.8,30,103,3.4,0,11,3
John Skelton,2013,Tennessee Titans,0,0,nan,nan,nan,nan,nan,nan,nan,nan,nan,0.0,nan,nan,nan,nan,nan,nan
John Skelton,2013,San Francisco 49ers,0,0,nan,nan,nan,nan,nan,nan,nan,nan,nan,0.0,nan,nan,nan,nan,nan,nan
John Skelton,2012,Arizona Cardinals,7,6,109,201,54.2,"1,132",5.6,2,9,15,98,55.4,4,5,1.3,0,4,2
John Skelton,2011,Arizona Cardinals,8,7,151,275,54.9,"1,913",7.0,11,14,23,162,68.9,28,128,4.6,0,4,1
John Skelton,2010,Arizona Cardinals,5,4,60,126,47.6,662,5.3,2,2,9,65,62.3,10,49,4.9,0,3,1
Matt Simms,2013,New York Jets,3,0,16,31,51.6,156,5.0,1,1,4,23,63.4,5,37,7.4,0,1,1
Philip Rivers,2013,San Diego Chargers,13,13,325,462,70.3,"3,882",8.4,26,9,24,129,106.4,18,64,3.6,0,2,1
Philip Rivers,2012,San Diego Chargers,16,16,338,527,64.1,"3,606",6.8,26,15,49,311,88.6,27,40,1.5,0,15,7
Philip Rivers,2011,San Diego Chargers,16,16,366,582,62.9,"4,624",7.9,27,20,30,198,88.7,26,36,1.4,1,9,5
Philip Rivers,2010,San Diego Chargers,16,16,357,541,66.0,"4,710",8.7,30,13,38,227,101.8,29,52,1.8,0,7,4
Philip Rivers,2009,San Diego Chargers,16,16,317,486,65.2,"4,254",8.8,28,9,25,167,104.4,26,50,1.9,1,6,3
Philip Rivers,2008,San Diego Chargers,16,16,312,478,65.3,"4,009",8.4,34,11,25,151,105.5,31,84,2.7,0,8,4
Philip Rivers,2007,San Diego Chargers,16,16,277,460,60.2,"3,152",6.9,21,15,22,163,82.4,29,33,1.1,1,11,6
Philip Rivers,2006,San Diego Chargers,16,16,284,460,61.7,"3,388",7.4,22,9,27,144,92.0,48,49,1.0,0,8,2
Philip Rivers,2005,San Diego Chargers,2,0,12,22,54.5,115,5.2,0,1,3,16,50.4,1,-1,-1.0,0,2,0
Philip Rivers,2004,San Diego Chargers,2,0,5,8,62.5,33,4.1,1,0,1,10,110.9,4,-5,-1.3,0,1,0
Matt Ryan,2013,Atlanta Falcons,13,13,345,525,65.7,"3,677",7.0,21,13,31,221,89.0,14,57,4.1,0,4,3
Matt Ryan,2012,Atlanta Falcons,16,16,422,615,68.6,"4,719",7.7,32,14,28,210,99.1,34,141,4.1,1,3,2
Matt Ryan,2011,Atlanta Falcons,16,16,347,566,61.3,"4,177",7.4,29,12,26,173,92.2,37,84,2.3,2,5,3
Matt Ryan,2010,Atlanta Falcons,16,16,357,571,62.5,"3,705",6.5,28,9,23,158,91.0,46,122,2.7,0,4,3
Matt Ryan,2009,Atlanta Falcons,14,14,263,451,58.3,"2,916",6.5,22,14,19,92,80.9,30,49,1.6,1,5,2
Matt Ryan,2008,Atlanta Falcons,16,16,265,434,61.1,"3,440",7.9,16,11,17,104,87.7,55,104,1.9,1,6,1
Tony Romo,2013,Dallas Cowboys,13,13,296,460,64.3,"3,244",7.1,27,7,30,234,98.3,19,39,2.1,0,4,1
Tony Romo,2012,Dallas Cowboys,16,16,425,648,65.6,"4,903",7.6,28,19,36,263,90.5,30,49,1.6,1,6,3
Tony Romo,2011,Dallas Cowboys,16,16,346,522,66.3,"4,184",8.0,31,10,36,227,102.5,22,46,2.1,1,6,3
Tony Romo,2010,Dallas Cowboys,6,6,148,213,69.5,"1,605",7.5,11,7,7,41,94.9,6,38,6.3,0,nan,nan
Tony Romo,2009,Dallas Cowboys,16,16,347,550,63.1,"4,483",8.2,26,9,34,196,97.6,35,105,3.0,1,6,4
Tony Romo,2008,Dallas Cowboys,13,13,276,450,61.3,"3,448",7.7,26,14,20,123,91.4,28,41,1.5,0,13,7
Tony Romo,2007,Dallas Cowboys,16,16,335,520,64.4,"4,211",8.1,36,19,24,176,97.4,31,129,4.2,2,10,2
Tony Romo,2006,Dallas Cowboys,16,10,220,337,65.3,"2,903",8.6,19,13,21,124,95.1,34,102,3.0,0,9,3
Tony Romo,2005,Dallas Cowboys,16,0,nan,nan,nan,nan,nan,nan,nan,nan,nan,0.0,2,-2,-1.0,0,nan,nan
Tony Romo,2004,Dallas Cowboys,6,0,nan,nan,nan,nan,nan,nan,nan,nan,nan,0.0,nan,nan,nan,nan,nan,nan
Tony Romo,2003,Dallas Cowboys,0,0,nan,nan,nan,nan,nan,nan,nan,nan,nan,0.0,nan,nan,nan,nan,nan,nan
Ben Roethlisberger,2013,Pittsburgh Steelers,13,13,320,500,64.0,"3,724",7.4,24,10,39,263,94.1,22,77,3.5,0,8,6
Ben Roethlisberger,2012,Pittsburgh Steelers,13,13,284,449,63.3,"3,265",7.3,26,8,30,182,97.0,26,92,3.5,0,6,3
Ben Roethlisberger,2011,Pittsburgh Steelers,15,15,324,513,63.2,"4,077",7.9,21,14,40,269,90.1,31,70,2.3,0,8,5
Ben Roethlisberger,2010,Pittsburgh Steelers,12,12,240,389,61.7,"3,200",8.2,17,5,32,220,97.0,34,176,5.2,2,7,3
Ben Roethlisberger,2009,Pittsburgh Steelers,15,15,337,506,66.6,"4,328",8.6,26,12,50,348,100.5,40,82,2.1,2,7,3
Ben Roethlisberger,2008,Pittsburgh Steelers,16,16,281,469,59.9,"3,301",7.0,17,15,46,284,80.1,34,101,3.0,2,14,7
Ben Roethlisberger,2007,Pittsburgh Steelers,15,15,264,404,65.3,"3,154",7.8,32,11,47,347,104.1,35,204,5.8,2,9,3
Ben Roethlisberger,2006,Pittsburgh Steelers,15,15,280,469,59.7,"3,513",7.5,18,23,46,280,75.4,32,98,3.1,2,5,2
Ben Roethlisberger,2005,Pittsburgh Steelers,12,12,168,268,62.7,"2,385",8.9,17,9,23,129,98.6,31,69,2.2,3,2,1
Ben Roethlisberger,2004,Pittsburgh Steelers,14,13,196,295,66.4,"2,621",8.9,17,11,30,213,98.1,56,144,2.6,1,2,2
Aaron Rodgers,2013,Green Bay Packers,8,8,168,251,66.9,"2,218",8.8,15,4,18,112,108.0,29,115,4.0,0,3,0
Aaron Rodgers,2012,Green Bay Packers,16,16,371,552,67.2,"4,295",7.8,39,8,51,293,108.0,54,259,4.8,2,5,4
Aaron Rodgers,2011,Green Bay Packers,15,15,343,502,68.3,"4,643",9.2,45,6,36,219,122.5,60,257,4.3,3,4,0
Aaron Rodgers,2010,Green Bay Packers,15,15,312,475,65.7,"3,922",8.3,28,11,31,193,101.2,64,356,5.6,4,4,1
Aaron Rodgers,2009,Green Bay Packers,16,16,350,541,64.7,"4,434",8.2,30,7,50,306,103.2,58,316,5.4,5,10,4
Aaron Rodgers,2008,Green Bay Packers,16,16,341,536,63.6,"4,038",7.5,28,13,34,231,93.8,56,207,3.7,4,10,3
Aaron Rodgers,2007,Green Bay Packers,2,0,20,28,71.4,218,7.8,1,0,3,24,106.0,7,29,4.1,0,nan,nan
Aaron Rodgers,2006,Green Bay Packers,2,0,6,15,40.0,46,3.1,0,0,3,18,48.2,2,11,5.5,0,1,1
Aaron Rodgers,2005,Green Bay Packers,3,0,9,16,56.3,65,4.1,0,1,3,28,39.8,2,7,3.5,0,2,2
Brady Quinn,2013,St. Louis Rams,0,0,nan,nan,nan,nan,nan,nan,nan,nan,nan,0.0,nan,nan,nan,nan,nan,nan
Brady Quinn,2013,New York Jets,0,0,nan,nan,nan,nan,nan,nan,nan,nan,nan,0.0,nan,nan,nan,nan,nan,nan
Brady Quinn,2012,Kansas City Chiefs,10,8,112,197,56.9,"1,141",5.8,2,8,21,123,60.1,19,66,3.5,0,1,0
Brady Quinn,2011,Denver Broncos,0,0,nan,nan,nan,nan,nan,nan,nan,nan,nan,0.0,nan,nan,nan,nan,nan,nan
Brady Quinn,2010,Denver Broncos,0,0,nan,nan,nan,nan,nan,nan,nan,nan,nan,0.0,nan,nan,nan,nan,nan,nan
Brady Quinn,2009,Cleveland Browns,10,9,136,256,53.1,"1,339",5.2,8,7,19,104,67.2,20,98,4.9,1,4,3
Brady Quinn,2008,Cleveland Browns,3,3,45,89,50.6,518,5.8,2,2,1,9,66.6,5,21,4.2,0,nan,nan
Brady Quinn,2007,Cleveland Browns,1,0,3,8,37.5,45,5.6,0,0,0,0,56.8,nan,nan,nan,nan,nan,nan
Jordan Palmer,2013,Chicago Bears,0,0,nan,nan,nan,nan,nan,nan,nan,nan,nan,0.0,nan,nan,nan,nan,nan,nan
Jordan Palmer,2012,Jacksonville Jaguars,0,0,nan,nan,nan,nan,nan,nan,nan,nan,nan,0.0,nan,nan,nan,nan,nan,nan
Jordan Palmer,2010,Cincinnati Bengals,1,0,3,3,100.0,18,6.0,0,0,2,20,91.7,nan,nan,nan,nan,nan,nan
Jordan Palmer,2009,Cincinnati Bengals,0,0,nan,nan,nan,nan,nan,nan,nan,nan,nan,0.0,nan,nan,nan,nan,nan,nan
Jordan Palmer,2008,Cincinnati Bengals,3,0,7,12,58.3,41,3.4,0,2,2,11,25.3,1,4,4.0,0,nan,nan
Carson Palmer,2013,Arizona Cardinals,13,13,301,468,64.3,"3,458",7.4,20,17,36,255,85.6,19,8,0.4,0,6,3
Carson Palmer,2012,Oakland Raiders,15,15,345,565,61.1,"4,018",7.1,22,14,26,199,85.3,18,36,2.0,1,7,5
Carson Palmer,2011,Oakland Raiders,10,9,199,328,60.7,"2,753",8.4,13,16,17,119,80.5,16,20,1.3,1,2,1
Carson Palmer,2010,Cincinnati Bengals,16,16,362,586,61.8,"3,970",6.8,26,20,26,201,82.4,32,50,1.6,0,7,3
Carson Palmer,2009,Cincinnati Bengals,16,16,282,466,60.5,"3,094",6.6,21,13,26,213,83.6,39,93,2.4,3,6,2
Carson Palmer,2008,Cincinnati Bengals,4,4,75,129,58.1,731,5.7,3,4,11,67,69.0,6,38,6.3,0,2,0
Carson Palmer,2007,Cincinnati Bengals,16,16,373,575,64.9,"4,131",7.2,26,20,17,119,86.7,24,10,0.4,0,5,1
Carson Palmer,2006,Cincinnati Bengals,16,16,324,520,62.3,"4,035",7.8,28,13,36,233,93.9,26,37,1.4,0,15,7
Carson Palmer,2005,Cincinnati Bengals,16,16,345,509,67.8,"3,836",7.5,32,12,19,105,101.1,34,41,1.2,1,5,2
Carson Palmer,2004,Cincinnati Bengals,13,13,263,432,60.9,"2,897",6.7,18,18,25,178,77.3,18,47,2.6,1,2,2
Carson Palmer,2003,Cincinnati Bengals,0,0,nan,nan,nan,nan,nan,nan,nan,nan,nan,0.0,nan,nan,nan,nan,nan,nan
Curtis Painter,2013,New York Giants,1,0,2,4,50.0,16,4.0,0,1,0,0,20.8,nan,nan,nan,nan,nan,nan
Curtis Painter,2011,Indianapolis Colts,9,8,132,243,54.3,"1,541",6.3,6,9,16,104,66.6,17,107,6.3,0,5,3
Curtis Painter,2010,Indianapolis Colts,0,0,nan,nan,nan,nan,nan,nan,nan,nan,nan,0.0,nan,nan,nan,nan,nan,nan
Curtis Painter,2009,Indianapolis Colts,2,0,8,28,28.6,83,3.0,0,2,3,16,9.8,3,4,1.3,0,2,2
Terrelle Pryor,2013,Oakland Raiders,9,8,134,229,58.5,"1,579",6.9,5,10,29,187,68.7,71,508,7.2,2,5,1
Terrelle Pryor,2012,Oakland Raiders,3,1,14,30,46.7,155,5.2,2,1,0,0,70.8,10,51,5.1,1,nan,nan
Terrelle Pryor,2011,Oakland Raiders,1,0,nan,nan,nan,nan,nan,nan,nan,nan,nan,0.0,nan,nan,nan,nan,nan,nan
Christian Ponder,2013,Minnesota Vikings,9,9,152,239,63.6,"1,648",6.9,7,9,27,119,77.9,34,151,4.4,4,7,4
Christian Ponder,2012,Minnesota Vikings,16,16,300,483,62.1,"2,935",6.1,18,12,32,184,81.2,60,253,4.2,2,7,5
Christian Ponder,2011,Minnesota Vikings,11,10,158,291,54.3,"1,853",6.4,13,13,30,164,70.1,28,219,7.8,0,6,2
Brock Osweiler,2013,Denver Broncos,2,0,2,3,66.7,10,3.3,0,0,0,0,71.5,2,3,1.5,0,nan,nan
Brock Osweiler,2012,Denver Broncos,5,0,2,4,50.0,12,3.0,0,0,0,0,56.2,8,-13,-1.6,0,nan,nan
Kyle Orton,2013,Dallas Cowboys,2,0,3,5,60.0,40,8.0,0,0,0,0,85.4,nan,nan,nan,nan,nan,nan
Kyle Orton,2012,Dallas Cowboys,1,0,9,10,90.0,89,8.9,1,0,0,0,137.1,nan,nan,nan,nan,nan,nan
Kyle Orton,2011,Kansas City Chiefs,4,3,59,97,60.8,779,8.0,1,2,1,5,81.1,6,-4,-0.7,0,nan,nan
Kyle Orton,2011,Denver Broncos,5,5,91,155,58.7,979,6.3,8,7,9,49,75.7,5,17,3.4,0,2,2
Kyle Orton,2010,Denver Broncos,13,13,293,498,58.8,"3,653",7.3,20,9,34,243,87.5,22,98,4.5,0,4,4
Kyle Orton,2009,Denver Broncos,16,15,336,541,62.1,"3,802",7.0,21,12,29,159,86.8,24,71,3.0,0,4,2
Kyle Orton,2008,Chicago Bears,15,15,272,465,58.5,"2,972",6.4,18,12,27,160,79.6,24,49,2.0,3,6,5
Kyle Orton,2007,Chicago Bears,3,3,43,80,53.8,478,6.0,3,2,2,12,73.9,5,-1,-0.2,0,2,0
Kyle Orton,2006,Chicago Bears,0,0,nan,nan,nan,nan,nan,nan,nan,nan,nan,0.0,nan,nan,nan,nan,nan,nan
Kyle Orton,2005,Chicago Bears,15,15,190,368,51.6,"1,869",5.1,9,13,30,190,59.7,24,44,1.8,0,12,5
Dan Orlovsky,2013,Tampa Bay Buccaneers,1,0,nan,nan,nan,nan,nan,nan,nan,nan,nan,0.0,nan,nan,nan,nan,nan,nan
Dan Orlovsky,2012,Tampa Bay Buccaneers,1,0,4,7,57.1,51,7.3,0,0,0,0,80.1,nan,nan,nan,nan,nan,nan
Dan Orlovsky,2011,Indianapolis Colts,8,5,122,193,63.2,"1,201",6.2,6,4,14,84,82.4,6,5,0.8,0,7,3
Dan Orlovsky,2010,Houston Texans,1,0,nan,nan,nan,nan,nan,nan,nan,nan,nan,0.0,nan,nan,nan,nan,nan,nan
Dan Orlovsky,2009,Houston Texans,0,0,nan,nan,nan,nan,nan,nan,nan,nan,nan,0.0,nan,nan,nan,nan,nan,nan
Dan Orlovsky,2008,Detroit Lions,10,7,143,255,56.1,"1,616",6.3,8,8,14,95,72.6,7,29,4.1,0,3,0
Dan Orlovsky,2007,Detroit Lions,0,0,nan,nan,nan,nan,nan,nan,nan,nan,nan,0.0,nan,nan,nan,nan,nan,nan
Dan Orlovsky,2006,Detroit Lions,0,0,nan,nan,nan,nan,nan,nan,nan,nan,nan,0.0,nan,nan,nan,nan,nan,nan
Dan Orlovsky,2005,Detroit Lions,2,0,7,17,41.2,63,3.7,0,0,1,3,51.8,nan,nan,nan,nan,1,1
Cam Newton,2013,Carolina Panthers,13,13,248,400,62.0,"2,776",6.9,20,11,36,284,87.9,88,495,5.6,6,3,1
Cam Newton,2012,Carolina Panthers,16,16,280,485,57.7,"3,869",8.0,19,12,36,244,86.2,127,741,5.8,8,10,3
Cam Newton,2011,Carolina Panthers,16,16,310,517,60.0,"4,051",7.8,21,17,35,260,84.5,126,706,5.6,14,5,2
Ryan Nassib,2013,New York Giants,0,0,nan,nan,nan,nan,nan,nan,nan,nan,nan,0.0,nan,nan,nan,nan,nan,nan
EJ Manuel,2013,Buffalo Bills,9,9,163,282,57.8,"1,779",6.3,9,8,24,134,75.4,43,149,3.5,1,4,2
Peyton Manning,2013,Denver Broncos,13,13,366,539,67.9,"4,522",8.4,45,9,15,96,114.5,32,-31,-1.0,1,10,6
Peyton Manning,2012,Denver Broncos,16,16,400,583,68.6,"4,659",8.0,37,11,21,137,105.8,23,6,0.3,0,2,2
Peyton Manning,2011,Indianapolis Colts,0,0,nan,nan,nan,nan,nan,nan,nan,nan,nan,0.0,nan,nan,nan,nan,nan,nan
Peyton Manning,2010,Indianapolis Colts,16,16,450,679,66.3,"4,700",6.9,33,17,16,91,91.9,18,18,1.0,0,3,1
Peyton Manning,2009,Indianapolis Colts,16,16,393,571,68.8,"4,500",7.9,33,16,10,74,99.9,19,-13,-0.7,0,2,0
Peyton Manning,2008,Indianapolis Colts,16,16,371,555,66.8,"4,002",7.2,27,12,14,86,95.0,20,21,1.1,1,1,0
Peyton Manning,2007,Indianapolis Colts,16,16,337,515,65.4,"4,040",7.8,31,14,21,124,98.0,20,-5,-0.3,3,6,1
Peyton Manning,2006,Indianapolis Colts,16,16,362,557,65.0,"4,397",7.9,31,9,14,86,101.0,23,36,1.6,4,2,1
Peyton Manning,2005,Indianapolis Colts,16,16,305,453,67.3,"3,747",8.3,28,10,17,81,104.1,33,45,1.4,0,5,2
Peyton Manning,2004,Indianapolis Colts,16,16,336,497,67.6,"4,557",9.2,49,10,13,101,121.1,25,38,1.5,0,5,1
Peyton Manning,2003,Indianapolis Colts,16,16,379,566,67.0,"4,267",7.5,29,10,18,107,99.0,28,26,0.9,0,6,1
Peyton Manning,2002,Indianapolis Colts,16,16,392,591,66.3,"4,200",7.1,27,19,23,145,88.8,38,148,3.9,2,6,2
Peyton Manning,2001,Indianapolis Colts,16,16,343,547,62.7,"4,131",7.6,26,23,29,232,84.1,35,157,4.5,4,7,3
Peyton Manning,2000,Indianapolis Colts,16,16,357,571,62.5,"4,413",7.7,33,15,20,131,94.7,37,116,3.1,1,5,2
Peyton Manning,1999,Indianapolis Colts,16,16,331,533,62.1,"4,135",7.8,26,15,14,116,90.7,35,73,2.1,2,6,3
Peyton Manning,1998,Indianapolis Colts,16,16,326,575,56.7,"3,739",6.5,26,28,22,109,71.2,15,62,4.1,0,3,1
Eli Manning,2013,New York Giants,13,13,266,454,58.6,"3,254",7.2,16,20,33,232,74.2,16,38,2.4,0,4,2
Eli Manning,2012,New York Giants,16,16,321,536,59.9,"3,948",7.4,26,15,19,136,87.2,20,30,1.5,0,5,1
Eli Manning,2011,New York Giants,16,16,359,589,61.0,"4,933",8.4,29,16,28,199,92.9,35,15,0.4,1,8,4
Eli Manning,2010,New York Giants,16,16,339,539,62.9,"4,002",7.4,31,25,16,117,85.3,32,70,2.2,0,7,5
Eli Manning,2009,New York Giants,16,16,317,509,62.3,"4,021",7.9,27,14,30,216,93.1,17,65,3.8,0,13,8
Eli Manning,2008,New York Giants,16,16,289,479,60.3,"3,238",6.8,21,10,27,174,86.4,20,10,0.5,1,5,2
Eli Manning,2007,New York Giants,16,16,297,529,56.1,"3,336",6.3,23,20,27,217,73.9,29,69,2.4,1,13,7
Eli Manning,2006,New York Giants,16,16,301,522,57.7,"3,244",6.2,24,18,25,186,77.0,25,21,0.8,0,9,2
Eli Manning,2005,New York Giants,16,16,294,557,52.8,"3,762",6.8,24,17,28,184,75.9,29,80,2.8,1,9,2
Eli Manning,2004,New York Giants,9,7,95,197,48.2,"1,043",5.3,6,9,13,83,55.4,6,35,5.8,0,3,1
Ryan Mallett,2013,New England Patriots,0,0,nan,nan,nan,nan,nan,nan,nan,nan,nan,0.0,nan,nan,nan,nan,nan,nan
Ryan Mallett,2012,New England Patriots,4,0,1,4,25.0,17,4.3,0,1,0,0,5.2,8,-9,-1.1,0,nan,nan
Ryan Mallett,2011,New England Patriots,0,0,nan,nan,nan,nan,nan,nan,nan,nan,nan,0.0,nan,nan,nan,nan,nan,nan
Matt Moore,2013,Miami Dolphins,0,0,nan,nan,nan,nan,nan,nan,nan,nan,nan,0.0,nan,nan,nan,nan,nan,nan
Matt Moore,2012,Miami Dolphins,2,0,11,19,57.9,131,6.9,1,0,2,9,96.6,5,-3,-0.6,0,nan,nan
Matt Moore,2011,Miami Dolphins,13,12,210,347,60.5,"2,497",7.2,16,9,36,229,87.1,32,65,2.0,2,14,6
Matt Moore,2010,Carolina Panthers,6,5,79,143,55.2,857,6.0,5,10,13,90,55.6,5,25,5.0,0,4,2
Matt Moore,2009,Carolina Panthers,7,5,85,138,61.6,"1,053",7.6,8,2,9,78,98.5,12,-3,-0.3,0,2,0
Matt Moore,2008,Carolina Panthers,0,0,nan,nan,nan,nan,nan,nan,nan,nan,nan,0.0,nan,nan,nan,nan,nan,nan
Matt Moore,2007,Carolina Panthers,9,3,63,111,56.8,730,6.6,3,5,6,40,67.0,3,5,1.7,0,2,0
Kellen Moore,2013,Detroit Lions,0,0,nan,nan,nan,nan,nan,nan,nan,nan,nan,0.0,nan,nan,nan,nan,nan,nan
Kellen Moore,2012,Detroit Lions,0,0,nan,nan,nan,nan,nan,nan,nan,nan,nan,0.0,nan,nan,nan,nan,nan,nan
Matt McGloin,2013,Oakland Raiders,5,4,80,140,57.1,"1,044",7.5,6,3,5,53,86.1,9,22,2.4,0,2,0
Colt McCoy,2013,San Francisco 49ers,3,0,1,1,100.0,13,13.0,0,0,0,0,118.8,3,-3,-1.0,0,nan,nan
Colt McCoy,2012,Cleveland Browns,3,0,9,17,52.9,79,4.6,1,0,4,25,85.2,4,15,3.8,0,nan,nan
Colt McCoy,2011,Cleveland Browns,13,13,265,463,57.2,"2,733",5.9,14,11,32,173,74.6,61,212,3.5,0,11,2
Colt McCoy,2010,Cleveland Browns,8,8,135,222,60.8,"1,576",7.1,6,9,23,132,74.5,28,136,4.9,1,1,0
Luke McCown,2013,New Orleans Saints,13,0,nan,nan,nan,nan,nan,nan,nan,nan,nan,0.0,2,-2,-1.0,0,nan,nan
Luke McCown,2012,Atlanta Falcons,2,0,nan,nan,nan,nan,nan,nan,nan,nan,nan,0.0,2,-3,-1.5,0,nan,nan
Luke McCown,2011,Jacksonville Jaguars,4,2,30,56,53.6,296,5.3,0,4,4,38,39.0,7,23,3.3,0,2,1
Luke McCown,2010,Jacksonville Jaguars,1,0,11,19,57.9,120,6.3,0,0,0,0,76.6,1,4,4.0,0,nan,nan
Luke McCown,2009,Jacksonville Jaguars,3,0,1,3,33.3,2,0.7,0,0,2,7,42.4,nan,nan,nan,nan,nan,nan
Luke McCown,2008,Tampa Bay Buccaneers,2,0,0,1,0.0,0,0.0,0,0,0,0,39.6,3,15,5.0,0,nan,nan
Luke McCown,2007,Tampa Bay Buccaneers,5,3,94,139,67.6,"1,009",7.3,5,3,15,104,91.7,12,117,9.8,0,3,2
Luke McCown,2006,Tampa Bay Buccaneers,0,0,nan,nan,nan,nan,nan,nan,nan,nan,nan,0.0,nan,nan,nan,nan,nan,nan
Luke McCown,2005,Tampa Bay Buccaneers,0,0,nan,nan,nan,nan,nan,nan,nan,nan,nan,0.0,nan,nan,nan,nan,nan,nan
Luke McCown,2004,Cleveland Browns,5,4,48,98,49.0,608,6.2,4,7,12,122,52.6,6,25,4.2,0,2,0
Josh McCown,2013,Chicago Bears,7,5,147,220,66.8,"1,809",8.2,13,1,11,37,109.8,12,72,6.0,1,2,1
Josh McCown,2012,Chicago Bears,0,0,nan,nan,nan,nan,nan,nan,nan,nan,nan,0.0,nan,nan,nan,nan,nan,nan
Josh McCown,2011,Chicago Bears,3,2,35,55,63.6,414,7.5,2,4,7,43,68.3,12,68,5.7,0,2,0
Josh McCown,2009,Carolina Panthers,1,0,1,6,16.7,2,0.3,0,0,1,6,39.6,nan,nan,nan,nan,nan,nan
Josh McCown,2008,Carolina Panthers,2,0,nan,nan,nan,nan,nan,nan,nan,nan,nan,0.0,4,-3,-0.8,0,nan,nan
Josh McCown,2007,Oakland Raiders,9,9,111,190,58.4,"1,151",6.1,10,11,14,92,69.4,29,143,4.9,0,11,3
Josh McCown,2006,Detroit Lions,2,0,nan,nan,nan,nan,nan,nan,nan,nan,nan,0.0,nan,nan,nan,nan,nan,nan
Josh McCown,2005,Arizona Cardinals,9,6,163,270,60.4,"1,836",6.8,9,11,18,101,74.9,29,139,4.8,0,5,3
Josh McCown,2004,Arizona Cardinals,14,13,233,408,57.1,"2,511",6.2,11,10,31,263,74.1,36,112,3.1,2,12,5
Josh McCown,2003,Arizona Cardinals,8,3,95,166,57.2,"1,018",6.1,5,6,25,174,70.3,28,158,5.6,1,10,2
Josh McCown,2002,Arizona Cardinals,2,0,7,18,38.9,66,3.7,0,2,5,50,10.2,1,20,20.0,0,1,1
Thad Lewis,2013,Buffalo Bills,4,3,62,103,60.2,652,6.3,3,2,13,71,80.2,14,35,2.5,1,6,3
Thad Lewis,2012,Cleveland Browns,1,1,22,32,68.8,204,6.4,1,1,3,14,83.3,1,3,3.0,0,nan,nan
Thad Lewis,2011,Cleveland Browns,0,0,nan,nan,nan,nan,nan,nan,nan,nan,nan,0.0,nan,nan,nan,nan,nan,nan
Thad Lewis,2010,St. Louis Rams,0,0,nan,nan,nan,nan,nan,nan,nan,nan,nan,0.0,nan,nan,nan,nan,nan,nan
Andrew Luck,2013,Indianapolis Colts,13,13,272,464,58.6,"3,119",6.7,19,8,29,209,85.4,50,336,6.7,4,5,2
Andrew Luck,2012,Indianapolis Colts,16,16,339,627,54.1,"4,374",7.0,23,18,41,246,76.5,62,255,4.1,5,10,5
Jake Locker,2013,Tennessee Titans,7,7,111,183,60.7,"1,256",6.9,8,4,16,105,86.7,24,155,6.5,2,3,1
Jake Locker,2012,Tennessee Titans,11,11,177,314,56.4,"2,176",6.9,10,11,25,151,74.0,41,291,7.1,1,4,4
Jake Locker,2011,Tennessee Titans,5,0,34,66,51.5,542,8.2,4,0,5,37,99.4,8,56,7.0,1,nan,nan
Ryan Lindley,2013,Arizona Cardinals,0,0,nan,nan,nan,nan,nan,nan,nan,nan,nan,0.0,nan,nan,nan,nan,nan,nan
Ryan Lindley,2012,Arizona Cardinals,6,4,89,171,52.0,752,4.4,0,7,12,91,46.7,4,7,1.8,0,3,2
Case Keenum,2013,Houston Texans,7,7,119,219,54.3,"1,592",7.3,9,4,15,165,83.7,13,70,5.4,1,5,2
Colin Kaepernick,2013,San Francisco 49ers,13,13,190,332,57.2,"2,487",7.5,16,8,32,182,87.0,78,407,5.2,3,6,4
Colin Kaepernick,2012,San Francisco 49ers,13,7,136,218,62.4,"1,814",8.3,10,3,16,112,98.3,63,415,6.6,5,9,2
Colin Kaepernick,2011,San Francisco 49ers,3,0,3,5,60.0,35,7.0,0,0,0,0,81.2,2,-2,-1.0,0,nan,nan
Tarvaris Jackson,2013,Seattle Seahawks,2,0,8,11,72.7,135,12.3,1,0,0,0,144.1,4,1,0.3,1,nan,nan
Tarvaris Jackson,2012,Buffalo Bills,0,0,nan,nan,nan,nan,nan,nan,nan,nan,nan,0.0,nan,nan,nan,nan,nan,nan
Tarvaris Jackson,2011,Seattle Seahawks,15,14,271,450,60.2,"3,091",6.9,14,13,42,293,79.2,40,108,2.7,1,9,5
Tarvaris Jackson,2010,Minnesota Vikings,3,1,34,58,58.6,341,5.9,3,4,6,43,63.9,7,63,9.0,0,1,0
Tarvaris Jackson,2009,Minnesota Vikings,8,0,14,21,66.7,201,9.6,1,0,0,0,113.4,17,-10,-0.6,0,nan,nan
Tarvaris Jackson,2008,Minnesota Vikings,9,5,88,149,59.1,"1,056",7.1,9,2,14,97,95.4,26,145,5.6,0,5,3
Tarvaris Jackson,2007,Minnesota Vikings,12,12,171,294,58.2,"1,911",6.5,9,12,19,70,70.8,54,260,4.8,3,5,3
Tarvaris Jackson,2006,Minnesota Vikings,4,2,47,81,58.0,475,5.9,2,4,8,37,62.5,15,77,5.1,1,4,1
Landry Jones,2013,Pittsburgh Steelers,0,0,nan,nan,nan,nan,nan,nan,nan,nan,nan,0.0,nan,nan,nan,nan,nan,nan
Josh Johnson,2013,Cincinnati Bengals,1,0,nan,nan,nan,nan,nan,nan,nan,nan,nan,0.0,3,17,5.7,0,1,0
Josh Johnson,2012,Cleveland Browns,1,0,0,0,nan,0,nan,0,0,1,8,0.0,nan,nan,nan,nan,1,1
Josh Johnson,2011,Tampa Bay Buccaneers,9,1,19,36,52.8,246,6.8,1,2,3,24,60.6,11,67,6.1,0,1,1
Josh Johnson,2010,Tampa Bay Buccaneers,11,0,14,16,87.5,111,6.9,0,0,2,8,95.6,4,39,9.8,0,nan,nan
Josh Johnson,2009,Tampa Bay Buccaneers,6,4,63,125,50.4,685,5.5,4,8,11,59,50.9,22,148,6.7,0,7,1
Josh Johnson,2008,Tampa Bay Buccaneers,0,0,nan,nan,nan,nan,nan,nan,nan,nan,nan,0.0,nan,nan,nan,nan,nan,nan
Matt Hasselbeck,2013,Indianapolis Colts,2,0,4,8,50.0,105,13.1,0,1,0,0,56.2,1,-1,-1.0,0,nan,nan
Matt Hasselbeck,2012,Tennessee Titans,8,5,138,221,62.4,"1,367",6.2,7,5,14,103,81.0,13,38,2.9,0,3,1
Matt Hasselbeck,2011,Tennessee Titans,16,16,319,518,61.6,"3,571",6.9,18,14,19,153,82.4,20,52,2.6,0,4,1
Matt Hasselbeck,2010,Seattle Seahawks,14,14,266,444,59.9,"3,001",6.8,12,17,29,175,73.2,23,60,2.6,3,7,5
Matt Hasselbeck,2009,Seattle Seahawks,14,14,293,488,60.0,"3,029",6.2,17,17,32,209,75.1,26,119,4.6,0,11,3
Matt Hasselbeck,2008,Seattle Seahawks,7,7,109,209,52.2,"1,216",5.8,5,10,19,119,57.8,11,69,6.3,0,1,0
Matt Hasselbeck,2007,Seattle Seahawks,16,16,352,562,62.6,"3,966",7.1,28,12,33,204,91.4,39,89,2.3,0,9,5
Matt Hasselbeck,2006,Seattle Seahawks,12,12,210,371,56.6,"2,442",6.6,18,15,34,229,76.0,18,110,6.1,0,3,2
Matt Hasselbeck,2005,Seattle Seahawks,16,16,294,449,65.5,"3,459",7.7,24,9,24,154,98.2,36,124,3.4,1,4,2
Matt Hasselbeck,2004,Seattle Seahawks,14,14,279,474,58.9,"3,382",7.1,22,15,30,155,83.1,27,90,3.3,1,5,1
Matt Hasselbeck,2003,Seattle Seahawks,16,16,313,513,61.0,"3,841",7.5,26,15,42,246,88.8,36,125,3.5,2,4,1
Matt Hasselbeck,2002,Seattle Seahawks,16,10,267,419,63.7,"3,075",7.3,15,10,26,143,87.8,40,202,5.1,1,5,4
Matt Hasselbeck,2001,Seattle Seahawks,13,12,176,321,54.8,"2,023",6.3,7,8,38,251,70.9,40,141,3.5,0,6,2
Matt Hasselbeck,2000,Green Bay Packers,16,0,10,19,52.6,104,5.5,1,0,1,2,86.3,4,-5,-1.3,0,nan,nan
Matt Hasselbeck,1999,Green Bay Packers,16,0,3,10,30.0,41,4.1,1,0,1,9,77.5,6,15,2.5,0,1,0
Caleb Hanie,2013,Cleveland Browns,0,0,nan,nan,nan,nan,nan,nan,nan,nan,nan,0.0,nan,nan,nan,nan,nan,nan
Caleb Hanie,2012,Denver Broncos,0,0,nan,nan,nan,nan,nan,nan,nan,nan,nan,0.0,nan,nan,nan,nan,nan,nan
Caleb Hanie,2011,Chicago Bears,6,4,51,102,50.0,613,6.0,3,9,19,133,41.8,13,98,7.5,0,1,0
Caleb Hanie,2010,Chicago Bears,2,0,5,7,71.4,55,7.9,0,0,2,15,94.3,1,-1,-1.0,0,nan,nan
Caleb Hanie,2009,Chicago Bears,2,0,3,7,42.9,11,1.6,0,1,0,0,10.7,nan,nan,nan,nan,nan,nan
Caleb Hanie,2008,Chicago Bears,0,0,nan,nan,nan,nan,nan,nan,nan,nan,nan,0.0,nan,nan,nan,nan,nan,nan
Brian Hoyer,2013,Cleveland Browns,3,3,57,96,59.4,615,6.4,5,3,6,48,82.6,6,16,2.7,0,nan,nan
Brian Hoyer,2012,Arizona Cardinals,2,1,30,53,56.6,330,6.2,1,2,4,30,65.8,1,6,6.0,0,1,0
Brian Hoyer,2012,Pittsburgh Steelers,0,0,nan,nan,nan,nan,nan,nan,nan,nan,nan,0.0,nan,nan,nan,nan,nan,nan
Brian Hoyer,2011,New England Patriots,3,0,1,1,100.0,22,22.0,0,0,0,0,118.8,4,-3,-0.8,0,nan,nan
Brian Hoyer,2010,New England Patriots,5,0,7,15,46.7,122,8.1,1,1,0,0,69.3,10,-8,-0.8,0,nan,nan
Brian Hoyer,2009,New England Patriots,5,0,19,27,70.4,142,5.3,0,0,2,18,82.6,10,25,2.5,1,nan,nan
Shaun Hill,2013,Detroit Lions,1,0,nan,nan,nan,nan,nan,nan,nan,nan,nan,0.0,2,-2,-1.0,0,nan,nan
Shaun Hill,2012,Detroit Lions,1,0,10,13,76.9,172,13.2,2,0,0,0,157.9,1,-1,-1.0,0,nan,nan
Shaun Hill,2011,Detroit Lions,2,0,2,3,66.7,33,11.0,0,0,0,0,103.5,1,-1,-1.0,0,nan,nan
Shaun Hill,2010,Detroit Lions,11,10,257,416,61.8,"2,686",6.5,16,12,17,113,81.3,22,123,5.6,0,3,1
Shaun Hill,2009,San Francisco 49ers,6,6,87,155,56.1,943,6.1,5,2,18,107,79.6,8,70,8.8,0,3,1
Shaun Hill,2008,San Francisco 49ers,9,8,181,288,62.8,"2,046",7.1,13,8,23,148,87.5,24,115,4.8,2,8,2
Shaun Hill,2007,San Francisco 49ers,3,2,54,79,68.4,501,6.3,5,1,6,31,101.3,12,14,1.2,1,3,2
Shaun Hill,2006,San Francisco 49ers,0,0,nan,nan,nan,nan,nan,nan,nan,nan,nan,0.0,nan,nan,nan,nan,nan,nan
Shaun Hill,2005,Minnesota Vikings,1,0,nan,nan,nan,nan,nan,nan,nan,nan,nan,0.0,2,-2,-1.0,0,nan,nan
Shaun Hill,2004,Minnesota Vikings,0,0,nan,nan,nan,nan,nan,nan,nan,nan,nan,0.0,nan,nan,nan,nan,nan,nan
Shaun Hill,2003,Minnesota Vikings,0,0,nan,nan,nan,nan,nan,nan,nan,nan,nan,0.0,nan,nan,nan,nan,nan,nan
Shaun Hill,2002,Minnesota Vikings,0,0,nan,nan,nan,nan,nan,nan,nan,nan,nan,0.0,nan,nan,nan,nan,nan,nan
Chad Henne,2013,Jacksonville Jaguars,12,10,230,382,60.2,"2,436",6.4,8,10,28,167,74.9,21,54,2.6,0,2,0
Chad Henne,2012,Jacksonville Jaguars,10,6,166,308,53.9,"2,084",6.8,11,11,28,169,72.2,19,64,3.4,1,4,2
Chad Henne,2011,Miami Dolphins,4,4,64,112,57.1,868,7.8,4,4,11,67,79.0,15,112,7.5,1,1,0
Chad Henne,2010,Miami Dolphins,15,14,301,490,61.4,"3,301",6.7,15,19,30,178,75.4,35,52,1.5,0,5,2
Chad Henne,2009,Miami Dolphins,14,13,274,451,60.8,"2,878",6.4,12,14,26,176,75.2,16,32,2.0,1,4,0
Chad Henne,2008,Miami Dolphins,3,0,7,12,58.3,67,5.6,0,0,0,0,74.0,nan,nan,nan,nan,nan,nan
Mike Glennon,2013,Tampa Bay Buccaneers,10,10,191,315,60.6,"2,052",6.5,15,7,27,228,86.4,25,34,1.4,0,6,3
David Garrard,2013,New York Jets,0,0,nan,nan,nan,nan,nan,nan,nan,nan,nan,0.0,nan,nan,nan,nan,nan,nan
David Garrard,2010,Jacksonville Jaguars,14,14,236,366,64.5,"2,734",7.5,23,15,33,253,90.8,66,279,4.2,5,11,4
David Garrard,2009,Jacksonville Jaguars,16,16,314,516,60.9,"3,597",7.0,15,10,42,236,83.5,77,323,4.2,3,14,8
David Garrard,2008,Jacksonville Jaguars,16,16,335,535,62.6,"3,620",6.8,15,13,42,288,81.7,73,322,4.4,2,7,3
David Garrard,2007,Jacksonville Jaguars,12,12,208,325,64.0,"2,509",7.7,18,3,21,99,102.2,49,185,3.8,1,3,2
David Garrard,2006,Jacksonville Jaguars,11,10,145,241,60.2,"1,735",7.2,10,9,20,119,80.5,47,250,5.3,0,4,2
David Garrard,2005,Jacksonville Jaguars,7,5,98,168,58.3,"1,117",6.6,4,1,8,45,83.9,31,172,5.5,3,4,1
David Garrard,2004,Jacksonville Jaguars,4,2,38,72,52.8,374,5.2,2,1,6,35,71.2,12,76,6.3,1,nan,nan
David Garrard,2003,Jacksonville Jaguars,2,0,9,12,75.0,86,7.2,1,0,0,0,122.2,nan,nan,nan,nan,nan,nan
David Garrard,2002,Jacksonville Jaguars,4,1,23,46,50.0,231,5.0,1,2,7,40,53.8,25,139,5.6,2,1,1
Blaine Gabbert,2013,Jacksonville Jaguars,3,3,42,86,48.8,481,5.6,1,7,12,67,36.0,9,32,3.6,0,2,0
Blaine Gabbert,2012,Jacksonville Jaguars,10,10,162,278,58.3,"1,662",6.0,9,6,22,158,77.4,18,56,3.1,0,5,3
Blaine Gabbert,2011,Jacksonville Jaguars,15,14,210,413,50.8,"2,214",5.4,12,11,40,293,65.4,48,98,2.0,0,14,5
Rex Grossman,2013,Washington Redskins,0,0,nan,nan,nan,nan,nan,nan,nan,nan,nan,0.0,nan,nan,nan,nan,nan,nan
Rex Grossman,2012,Washington Redskins,0,0,nan,nan,nan,nan,nan,nan,nan,nan,nan,0.0,nan,nan,nan,nan,nan,nan
Rex Grossman,2011,Washington Redskins,13,13,265,458,57.9,"3,151",6.9,16,20,25,201,72.4,20,11,0.6,1,8,5
Rex Grossman,2010,Washington Redskins,4,3,74,133,55.6,884,6.6,7,4,9,77,81.2,3,6,2.0,0,4,4
Rex Grossman,2009,Houston Texans,1,0,3,9,33.3,33,3.7,0,1,0,0,5.6,3,9,3.0,0,1,0
Rex Grossman,2008,Chicago Bears,4,1,32,62,51.6,257,4.1,2,2,2,8,59.7,3,4,1.3,2,nan,nan
Rex Grossman,2007,Chicago Bears,8,7,122,225,54.2,"1,411",6.3,4,7,25,198,66.4,14,27,1.9,0,6,3
Rex Grossman,2006,Chicago Bears,16,16,262,480,54.6,"3,193",6.7,23,20,21,142,73.9,24,2,0.1,0,8,5
Rex Grossman,2005,Chicago Bears,2,1,20,39,51.3,259,6.6,1,2,1,9,59.7,nan,nan,nan,nan,nan,nan
Rex Grossman,2004,Chicago Bears,3,3,47,84,56.0,607,7.2,1,3,5,22,67.9,11,48,4.4,1,2,2
Rex Grossman,2003,Chicago Bears,3,3,38,72,52.8,437,6.1,2,1,4,41,74.8,3,-1,-0.3,0,3,0
Robert Griffin III,2013,Washington Redskins,13,13,274,456,60.1,"3,203",7.0,16,12,38,274,82.2,86,489,5.7,0,11,4
Robert Griffin III,2012,Washington Redskins,15,15,258,393,65.6,"3,200",8.1,20,5,30,217,102.4,120,815,6.8,7,12,2
Ryan Griffin,2013,New Orleans Saints,0,0,nan,nan,nan,nan,nan,nan,nan,nan,nan,0.0,nan,nan,nan,nan,nan,nan
Bruce Gradkowski,2013,Pittsburgh Steelers,0,0,nan,nan,nan,nan,nan,nan,nan,nan,nan,0.0,nan,nan,nan,nan,nan,nan
Bruce Gradkowski,2012,Cincinnati Bengals,2,0,5,11,45.5,65,5.9,0,0,0,0,64.6,4,-2,-0.5,0,1,0
Bruce Gradkowski,2011,Cincinnati Bengals,2,0,8,18,44.4,109,6.1,1,1,1,7,59.7,3,1,0.3,0,nan,nan
Bruce Gradkowski,2010,Oakland Raiders,6,4,83,157,52.9,"1,059",6.7,5,7,10,77,66.3,12,41,3.4,0,3,1
Bruce Gradkowski,2009,Oakland Raiders,7,4,82,150,54.7,"1,007",6.7,6,3,11,71,80.6,18,108,6.0,0,5,3
Bruce Gradkowski,2008,Cleveland Browns,2,1,7,21,33.3,26,1.2,0,3,4,18,2.8,1,2,2.0,0,nan,nan
Bruce Gradkowski,2007,Tampa Bay Buccaneers,4,0,13,24,54.2,130,5.4,0,1,2,14,52.4,7,20,2.9,0,nan,nan
Bruce Gradkowski,2006,Tampa Bay Buccaneers,13,11,177,328,54.0,"1,661",5.1,9,9,25,146,65.9,41,161,3.9,0,11,6
Nick Foles,2013,Philadelphia Eagles,10,7,135,218,61.9,"1,970",9.0,20,1,17,102,120.0,45,168,3.7,3,3,1
Nick Foles,2012,Philadelphia Eagles,7,6,161,265,60.8,"1,699",6.4,6,5,20,131,79.1,11,42,3.8,1,8,3
Matt Flynn,2013,Green Bay Packers,3,2,55,88,62.5,615,7.0,2,2,12,73,81.4,12,56,4.7,0,3,3
Matt Flynn,2013,Buffalo Bills,0,0,nan,nan,nan,nan,nan,nan,nan,nan,nan,0.0,nan,nan,nan,nan,nan,nan
Matt Flynn,2013,Oakland Raiders,2,1,22,34,64.7,246,7.2,1,1,7,33,83.7,3,4,1.3,0,3,2
Matt Flynn,2012,Seattle Seahawks,3,0,5,9,55.6,68,7.6,0,0,0,0,79.9,4,-5,-1.3,0,nan,nan
Matt Flynn,2011,Green Bay Packers,5,1,33,49,67.3,518,10.6,6,2,5,18,124.8,13,-6,-0.5,1,1,1
Matt Flynn,2010,Green Bay Packers,7,1,40,66,60.6,433,6.6,3,2,7,38,82.4,9,26,2.9,0,1,1
Matt Flynn,2009,Green Bay Packers,15,0,7,12,58.3,58,4.8,0,1,1,6,36.1,5,-5,-1.0,0,nan,nan
Matt Flynn,2008,Green Bay Packers,7,0,2,5,40.0,6,1.2,0,0,0,0,47.9,4,4,1.0,0,1,0
Joe Flacco,2013,Baltimore Ravens,13,13,290,488,59.4,"3,238",6.6,18,17,41,275,77.0,22,117,5.3,0,7,2
Joe Flacco,2012,Baltimore Ravens,16,16,317,531,59.7,"3,817",7.2,22,10,35,227,87.7,32,22,0.7,3,9,4
Joe Flacco,2011,Baltimore Ravens,16,16,312,542,57.6,"3,610",6.7,20,12,31,203,80.9,39,88,2.3,1,11,6
Joe Flacco,2010,Baltimore Ravens,16,16,306,489,62.6,"3,622",7.4,25,10,40,294,93.6,43,84,2.0,1,9,4
Joe Flacco,2009,Baltimore Ravens,16,16,315,499,63.1,"3,613",7.2,21,12,36,218,88.9,35,56,1.6,0,8,2
Joe Flacco,2008,Baltimore Ravens,16,16,257,428,60.0,"2,971",6.9,14,12,32,276,80.3,52,180,3.5,2,11,2
Ryan Fitzpatrick,2013,Tennessee Titans,8,6,149,242,61.6,"1,705",7.0,9,8,14,78,81.4,35,204,5.8,3,8,2
Ryan Fitzpatrick,2012,Buffalo Bills,16,16,306,505,60.6,"3,400",6.7,24,16,30,161,83.3,48,197,4.1,1,8,6
Ryan Fitzpatrick,2011,Buffalo Bills,16,16,353,569,62.0,"3,832",6.7,24,23,22,148,79.1,56,215,3.8,0,7,2
Ryan Fitzpatrick,2010,Buffalo Bills,13,13,255,441,57.8,"3,000",6.8,23,15,24,145,81.8,40,269,6.7,0,8,5
Ryan Fitzpatrick,2009,Buffalo Bills,10,8,127,227,55.9,"1,422",6.3,9,10,21,127,69.7,31,141,4.5,1,3,2
Ryan Fitzpatrick,2008,Cincinnati Bengals,13,12,221,372,59.4,"1,905",5.1,8,9,38,193,70.0,60,304,5.1,2,11,5
Ryan Fitzpatrick,2007,Cincinnati Bengals,1,0,nan,nan,nan,nan,nan,nan,nan,nan,nan,0.0,nan,nan,nan,nan,nan,nan
Ryan Fitzpatrick,2006,St. Louis Rams,1,0,nan,nan,nan,nan,nan,nan,nan,nan,nan,0.0,3,0,0.0,0,nan,nan
Ryan Fitzpatrick,2005,St. Louis Rams,4,3,76,135,56.3,777,5.8,4,8,9,49,58.2,14,64,4.6,2,3,1
Josh Freeman,2013,Minnesota Vikings,1,1,20,53,37.7,190,3.6,0,1,1,14,40.6,nan,nan,nan,nan,nan,nan
Josh Freeman,2013,Tampa Bay Buccaneers,3,3,43,94,45.7,571,6.1,2,3,7,47,59.3,5,20,4.0,0,2,1
Josh Freeman,2012,Tampa Bay Buccaneers,16,16,306,558,54.8,"4,065",7.3,27,17,26,161,81.6,39,139,3.6,0,10,2
Josh Freeman,2011,Tampa Bay Buccaneers,15,15,346,551,62.8,"3,592",6.5,16,22,29,164,74.6,55,238,4.3,4,9,5
Josh Freeman,2010,Tampa Bay Buccaneers,16,16,291,474,61.4,"3,451",7.3,25,6,28,195,95.9,68,364,5.4,0,8,3
Josh Freeman,2009,Tampa Bay Buccaneers,10,9,158,290,54.5,"1,855",6.4,10,18,20,102,59.8,30,161,5.4,0,10,2
Pat Devlin,2013,Miami Dolphins,0,0,nan,nan,nan,nan,nan,nan,nan,nan,nan,0.0,nan,nan,nan,nan,nan,nan
Pat Devlin,2012,Miami Dolphins,0,0,nan,nan,nan,nan,nan,nan,nan,nan,nan,0.0,nan,nan,nan,nan,nan,nan
Pat Devlin,2011,Miami Dolphins,0,0,nan,nan,nan,nan,nan,nan,nan,nan,nan,0.0,nan,nan,nan,nan,nan,nan
Dominique Davis,2013,Atlanta Falcons,1,0,5,7,71.4,34,4.9,0,0,0,0,81.8,nan,nan,nan,nan,nan,nan
Dominique Davis,2012,Atlanta Falcons,0,0,nan,nan,nan,nan,nan,nan,nan,nan,nan,0.0,nan,nan,nan,nan,nan,nan
Austin Davis,2013,St. Louis Rams,0,0,nan,nan,nan,nan,nan,nan,nan,nan,nan,0.0,nan,nan,nan,nan,nan,nan
Austin Davis,2012,St. Louis Rams,0,0,nan,nan,nan,nan,nan,nan,nan,nan,nan,0.0,nan,nan,nan,nan,nan,nan
B.J. Daniels,2013,Seattle Seahawks,0,0,nan,nan,nan,nan,nan,nan,nan,nan,nan,0.0,nan,nan,nan,nan,nan,nan
B.J. Daniels,2013,San Francisco 49ers,0,0,nan,nan,nan,nan,nan,nan,nan,nan,nan,0.0,nan,nan,nan,nan,nan,nan
Chase Daniel,2013,Kansas City Chiefs,3,0,1,3,33.3,17,5.7,0,1,0,0,13.9,6,-6,-1.0,0,nan,nan
Chase Daniel,2012,New Orleans Saints,16,0,1,1,100.0,10,10.0,0,0,0,0,108.3,3,17,5.7,0,nan,nan
Chase Daniel,2011,New Orleans Saints,16,0,4,5,80.0,29,5.8,0,0,0,0,90.8,3,-3,-1.0,0,nan,nan
Chase Daniel,2010,New Orleans Saints,13,0,2,3,66.7,16,5.3,0,0,1,10,79.9,2,16,8.0,0,1,0
Chase Daniel,2009,New Orleans Saints,0,0,nan,nan,nan,nan,nan,nan,nan,nan,nan,0.0,nan,nan,nan,nan,nan,nan
Andy Dalton,2013,Cincinnati Bengals,13,13,290,468,62.0,"3,419",7.3,25,16,26,156,87.7,50,130,2.6,1,4,3
Andy Dalton,2012,Cincinnati Bengals,16,16,329,528,62.3,"3,669",6.9,27,16,46,229,87.4,47,120,2.6,4,4,4
Andy Dalton,2011,Cincinnati Bengals,16,16,300,516,58.1,"3,398",6.6,20,13,24,160,80.4,37,152,4.1,1,4,2
Zac Dysert,2013,Denver Broncos,0,0,nan,nan,nan,nan,nan,nan,nan,nan,nan,0.0,nan,nan,nan,nan,nan,nan
Matt Cassel,2013,Minnesota Vikings,6,3,94,159,59.1,"1,122",7.1,7,4,6,35,84.9,8,17,2.1,0,2,0
Matt Cassel,2012,Kansas City Chiefs,9,8,161,277,58.1,"1,796",6.5,6,12,19,101,66.7,27,145,5.4,1,9,7
Matt Cassel,2011,Kansas City Chiefs,9,9,160,269,59.5,"1,713",6.4,10,9,22,120,76.6,25,99,4.0,0,5,2
Matt Cassel,2010,Kansas City Chiefs,15,15,262,450,58.2,"3,116",6.9,27,7,26,182,93.0,33,125,3.8,0,3,1
Matt Cassel,2009,Kansas City Chiefs,15,15,271,493,55.0,"2,924",5.9,16,16,42,243,69.9,50,189,3.8,0,14,3
Matt Cassel,2008,New England Patriots,16,15,327,516,63.4,"3,693",7.2,21,11,47,219,89.4,73,270,3.7,2,7,4
Matt Cassel,2007,New England Patriots,6,0,4,7,57.1,38,5.4,0,1,0,0,32.7,4,12,3.0,1,1,0
Matt Cassel,2006,New England Patriots,6,0,5,8,62.5,32,4.0,0,0,3,15,70.8,2,4,2.0,0,1,1
Matt Cassel,2005,New England Patriots,2,0,13,24,54.2,183,7.6,2,1,1,1,89.4,6,12,2.0,0,2,0
Jason Campbell,2013,Cleveland Browns,6,5,116,197,58.9,"1,324",6.7,9,3,10,68,88.0,10,63,6.3,0,2,1
Jason Campbell,2012,Chicago Bears,6,1,32,51,62.7,265,5.2,2,2,6,49,72.8,7,28,4.0,0,2,0
Jason Campbell,2011,Oakland Raiders,6,6,100,165,60.6,"1,170",7.1,6,4,5,19,84.2,18,60,3.3,2,3,1
Jason Campbell,2010,Oakland Raiders,13,12,194,329,59.0,"2,387",7.3,13,8,33,208,84.5,47,222,4.7,1,9,1
Jason Campbell,2009,Washington Redskins,16,16,327,507,64.5,"3,618",7.1,20,15,43,285,86.4,46,236,5.1,1,13,3
Jason Campbell,2008,Washington Redskins,16,16,315,506,62.3,"3,245",6.4,13,6,38,266,84.3,47,258,5.5,1,7,1
Jason Campbell,2007,Washington Redskins,13,13,250,417,60.0,"2,700",6.5,12,11,21,110,77.6,36,185,5.1,1,13,8
Jason Campbell,2006,Washington Redskins,7,7,110,207,53.1,"1,297",6.3,10,6,7,55,76.5,24,107,4.5,0,1,0
Jason Campbell,2005,Washington Redskins,0,0,nan,nan,nan,nan,nan,nan,nan,nan,nan,0.0,nan,nan,nan,nan,nan,nan
Jay Cutler,2013,Chicago Bears,8,8,167,265,63.0,"1,908",7.2,13,8,11,80,88.4,18,92,5.1,0,4,3
Jay Cutler,2012,Chicago Bears,15,15,255,434,58.8,"3,033",7.0,19,14,38,250,81.3,41,233,5.7,0,8,4
Jay Cutler,2011,Chicago Bears,10,10,182,314,58.0,"2,319",7.4,13,7,23,159,85.7,18,55,3.1,1,7,3
Jay Cutler,2010,Chicago Bears,15,15,261,432,60.4,"3,274",7.6,23,16,52,352,86.3,50,232,4.6,1,10,6
Jay Cutler,2009,Chicago Bears,16,16,336,555,60.5,"3,666",6.6,27,26,35,204,76.8,40,173,4.3,1,9,1
Jay Cutler,2008,Denver Broncos,16,16,384,616,62.3,"4,526",7.3,25,18,11,69,86.0,57,200,3.5,2,5,2
Jay Cutler,2007,Denver Broncos,16,16,297,467,63.6,"3,497",7.5,20,14,27,153,88.1,44,205,4.7,1,11,4
Jay Cutler,2006,Denver Broncos,5,5,81,137,59.1,"1,001",7.3,9,5,13,85,88.5,12,18,1.5,0,8,2
Kirk Cousins,2013,Washington Redskins,2,0,12,25,48.0,107,4.3,0,2,1,15,26.6,1,1,1.0,0,1,0
Kirk Cousins,2012,Washington Redskins,3,1,33,48,68.8,466,9.7,4,3,3,27,101.6,3,22,7.3,0,1,0
Kellen Clemens,2013,St. Louis Rams,7,6,91,172,52.9,"1,200",7.0,5,5,18,116,72.8,14,57,4.1,0,6,3
Kellen Clemens,2012,St. Louis Rams,2,0,1,3,33.3,39,13.0,0,1,0,0,42.4,2,5,2.5,0,1,0
Kellen Clemens,2011,St. Louis Rams,3,3,48,91,52.7,546,6.0,2,1,9,68,73.8,6,37,6.2,1,2,0
Kellen Clemens,2011,Houston Texans,0,0,nan,nan,nan,nan,nan,nan,nan,nan,nan,0.0,nan,nan,nan,nan,nan,nan
Kellen Clemens,2010,New York Jets,1,0,1,2,50.0,6,3.0,0,0,0,0,56.2,2,9,4.5,1,nan,nan
Kellen Clemens,2009,New York Jets,10,1,13,26,50.0,125,4.8,0,0,4,21,63.8,12,1,0.1,0,2,0
Kellen Clemens,2008,New York Jets,2,0,3,5,60.0,26,5.2,0,1,0,0,34.2,3,-3,-1.0,0,nan,nan
Kellen Clemens,2007,New York Jets,10,8,130,250,52.0,"1,529",6.1,5,10,27,138,60.9,27,111,4.1,1,4,1
Kellen Clemens,2006,New York Jets,2,0,0,1,0.0,0,0.0,0,0,4,27,39.6,2,10,5.0,0,1,1
Matt Barkley,2013,Philadelphia Eagles,3,0,30,49,61.2,300,6.1,0,4,3,24,44.6,2,-2,-1.0,0,3,1
Drew Brees,2013,New Orleans Saints,13,13,353,519,68.0,"4,107",7.9,33,8,26,169,106.5,30,27,0.9,1,5,1
Drew Brees,2012,New Orleans Saints,16,16,422,670,63.0,"5,177",7.7,43,19,26,190,96.3,15,5,0.3,1,5,1
Drew Brees,2011,New Orleans Saints,16,16,468,657,71.2,"5,476",8.3,46,14,24,158,110.6,21,86,4.1,1,1,1
Drew Brees,2010,New Orleans Saints,16,16,448,658,68.1,"4,620",7.0,33,22,25,185,90.9,18,-3,-0.2,0,9,2
Drew Brees,2009,New Orleans Saints,15,15,363,514,70.6,"4,388",8.5,34,11,20,135,109.6,22,33,1.5,2,10,6
Drew Brees,2008,New Orleans Saints,16,16,413,635,65.0,"5,069",8.0,34,17,13,92,96.2,22,-1,0.0,0,6,1
Drew Brees,2007,New Orleans Saints,16,16,440,652,67.5,"4,423",6.8,28,18,16,109,89.4,23,52,2.3,1,9,4
Drew Brees,2006,New Orleans Saints,16,16,356,554,64.3,"4,418",8.0,26,11,18,105,96.2,42,32,0.8,0,8,3
Drew Brees,2005,San Diego Chargers,16,16,323,500,64.6,"3,576",7.2,24,15,27,223,89.2,21,49,2.3,1,8,5
Drew Brees,2004,San Diego Chargers,15,15,262,400,65.5,"3,159",7.9,27,7,18,131,104.8,53,85,1.6,2,7,2
Drew Brees,2003,San Diego Chargers,11,11,205,356,57.6,"2,108",5.9,11,15,21,178,67.5,21,84,4.0,0,5,3
Drew Brees,2002,San Diego Chargers,16,16,320,526,60.8,"3,284",6.2,17,16,24,180,76.9,38,130,3.4,1,2,0
Drew Brees,2001,San Diego Chargers,1,0,15,27,55.6,221,8.2,1,0,2,12,94.8,2,18,9.0,0,2,0
Tyler Bray,2013,Kansas City Chiefs,0,0,nan,nan,nan,nan,nan,nan,nan,nan,nan,0.0,nan,nan,nan,nan,nan,nan
Tom Brady,2013,New England Patriots,13,13,318,523,60.8,"3,685",7.0,21,9,36,228,88.3,28,21,0.8,0,8,3
Tom Brady,2012,New England Patriots,16,16,401,637,63.0,"4,827",7.6,34,8,27,182,98.7,23,32,1.4,4,2,0
Tom Brady,2011,New England Patriots,16,16,401,611,65.6,"5,235",8.6,39,12,32,173,105.6,43,109,2.5,3,6,2
Tom Brady,2010,New England Patriots,16,16,324,492,65.9,"3,900",7.9,36,4,25,175,111.0,31,30,1.0,1,3,1
Tom Brady,2009,New England Patriots,16,16,371,565,65.7,"4,398",7.8,28,13,16,86,96.2,29,44,1.5,1,4,2
Tom Brady,2008,New England Patriots,1,1,7,11,63.6,76,6.9,0,0,0,0,83.9,nan,nan,nan,nan,nan,nan
Tom Brady,2007,New England Patriots,16,16,398,578,68.9,"4,806",8.3,50,8,21,128,117.2,37,98,2.6,2,6,4
Tom Brady,2006,New England Patriots,16,16,319,516,61.8,"3,529",6.8,24,12,26,175,87.9,49,102,2.1,0,12,4
Tom Brady,2005,New England Patriots,16,16,334,530,63.0,"4,110",7.8,26,14,26,188,92.3,27,89,3.3,1,4,3
Tom Brady,2004,New England Patriots,16,16,288,474,60.8,"3,692",7.8,28,14,26,162,92.6,43,28,0.7,0,7,5
Tom Brady,2003,New England Patriots,16,16,317,527,60.2,"3,620",6.9,23,12,32,219,85.9,42,63,1.5,1,13,5
Tom Brady,2002,New England Patriots,16,16,373,601,62.1,"3,764",6.3,28,14,31,190,85.7,42,110,2.6,1,11,5
Tom Brady,2001,New England Patriots,15,14,264,413,63.9,"2,843",6.9,18,12,41,216,86.5,36,43,1.2,0,12,3
Tom Brady,2000,New England Patriots,1,0,1,3,33.3,6,2.0,0,0,0,0,42.4,nan,nan,nan,nan,nan,nan
Sam Bradford,2013,St. Louis Rams,7,7,159,262,60.7,"1,687",6.4,14,4,15,97,90.9,15,31,2.1,0,3,1
Sam Bradford,2012,St. Louis Rams,16,16,328,551,59.5,"3,702",6.7,21,13,35,233,82.6,36,124,3.4,1,7,1
Sam Bradford,2011,St. Louis Rams,10,10,191,357,53.5,"2,164",6.1,6,6,36,248,70.5,18,26,1.4,0,10,7
Sam Bradford,2010,St. Louis Rams,16,16,354,590,60.0,"3,512",6.0,18,15,34,244,76.5,27,63,2.3,1,7,2
McLeod Bethel-Thompson,2013,San Francisco 49ers,0,0,nan,nan,nan,nan,nan,nan,nan,nan,nan,0.0,nan,nan,nan,nan,nan,nan
McLeod Bethel-Thompson,2013,Minnesota Vikings,0,0,nan,nan,nan,nan,nan,nan,nan,nan,nan,0.0,nan,nan,nan,nan,nan,nan
McLeod Bethel-Thompson,2012,Minnesota Vikings,0,0,nan,nan,nan,nan,nan,nan,nan,nan,nan,0.0,nan,nan,nan,nan,nan,nan
Derek Anderson,2013,Carolina Panthers,4,0,nan,nan,nan,nan,nan,nan,nan,nan,nan,0.0,5,0,0.0,0,nan,nan
Derek Anderson,2012,Carolina Panthers,2,0,4,4,100.0,58,14.5,0,0,0,0,118.8,nan,nan,nan,nan,nan,nan
Derek Anderson,2011,Carolina Panthers,2,0,nan,nan,nan,nan,nan,nan,nan,nan,nan,0.0,2,-2,-1.0,0,nan,nan
Derek Anderson,2010,Arizona Cardinals,12,9,169,327,51.7,"2,065",6.3,7,10,25,176,65.9,5,25,5.0,0,6,3
Derek Anderson,2009,Cleveland Browns,8,7,81,182,44.5,888,4.9,3,10,11,75,42.1,10,8,0.8,2,5,3
Derek Anderson,2008,Cleveland Browns,10,9,142,283,50.2,"1,615",5.7,9,8,14,87,66.5,25,55,2.2,0,9,2
Derek Anderson,2007,Cleveland Browns,16,15,298,527,56.5,"3,787",7.2,29,19,14,109,82.5,32,70,2.2,3,5,2
Derek Anderson,2006,Cleveland Browns,5,3,66,117,56.4,793,6.8,5,8,8,66,63.1,4,47,11.8,0,2,1
Derek Anderson,2005,Cleveland Browns,0,0,nan,nan,nan,nan,nan,nan,nan,nan,nan,0.0,nan,nan,nan,nan,nan,nan
Derek Anderson,2005,Baltimore Ravens,0,0,nan,nan,nan,nan,nan,nan,nan,nan,nan,0.0,nan,nan,nan,nan,nan,nan
